filename, Human
25197-18005-12663_jpg.rf.d80c403b51aef8ea6b7165fb62851299.jpg, 1
6521-25593-25729_jpg.rf.d71ce07a8303a887087a450eb6daeb16.jpg, 1
9294-5720-23027_jpg.rf.d7748f70a708b05e2252c4ecf9b6301a.jpg, 1
3177-20055-32479_jpg.rf.d7e8dfc20bcac8d068bb0ef390515c15.jpg, 1
5021-14200-2847_jpg.rf.d855d8cca52deaeaeb082f4fcb74d602.jpg, 1
9125-5217-3737_jpg.rf.d955ab867f2872f26dfc96d4f9b84237.jpg, 1
11188-18007-19527_jpg.rf.de740724114478797e02ef17874400e1.jpg, 1
25775-7439-5335_jpg.rf.dd06276cc671caefe566ee4b16cd0031.jpg, 1
15946-8067-525_jpg.rf.d88eabfd9d5766396721b10566c63b0d.jpg, 1
15288-2457-20699_jpg.rf.dc2ad061546534ad90375950e20ae879.jpg, 1
3109-23101-10042_jpg.rf.dd9964db8625614454d4dc48ad4177bd.jpg, 1
18989-31708-9895_jpg.rf.d9a8b21b5ba256a00e78294502a89919.jpg, 1
21334-4692-2165_jpg.rf.d8dd6cbbbfead110d5b32601934d521b.jpg, 1
24801-21986-7936_jpg.rf.d8bcf446257b13b51003ac147e3a116c.jpg, 0
26147-3167-11142_jpg.rf.da1f82e10614bb635a86e5da25cfa718.jpg, 1
20132-26121-24155_jpg.rf.d9ff4a5b948f588141a2490ce61a8a0a.jpg, 1
17945-24792-4599_jpg.rf.dddb03a2a04b7d066e398b249945f3a2.jpg, 1
3440-15918-22464_jpg.rf.dc4e47de0014f127ad57874f2c6045f1.jpg, 1
26950-27435-5887_jpg.rf.de6a7a28cf6ea1e73345071d25288b1d.jpg, 1
6407-27296-32253_jpg.rf.dc9f45eecc75a79f14e180fba1b63a7b.jpg, 1
12870-10823-18830_jpg.rf.de7e77c4abbca9aacbe8b87fe0d61394.jpg, 1
7062-19400-7341_jpg.rf.dc2c07889376952254eebb4bbc7e7227.jpg, 1
2811-27927-24460_jpg.rf.dbe837d64d750f8e780ee5473505f5e1.jpg, 1
3381-10079-19888_jpg.rf.de7571c6bb00b1c468c00020e7563739.jpg, 1
24242-268-22828_jpg.rf.dda5309dff0171e36b3426154554f939.jpg, 1
27683-23589-24703_jpg.rf.deaa7b02f38affda5c9c8e7df2557da6.jpg, 1
6615-27081-18862_jpg.rf.dec7435128b0da0195a043dcd53b7599.jpg, 1
15115-515-21939_jpg.rf.df047f54017e6e990290a2868306336b.jpg, 1
12456-29298-11705_jpg.rf.df1979cd9f659954d7d9d63aa3fcdcba.jpg, 1
3771-25557-28662_jpg.rf.df2b2bc5932625e09a07d8bbb530b28d.jpg, 1
25405-13391-31324_jpg.rf.df402481f3f7ef05b75b928d0a23e23c.jpg, 1
7563-14186-9354_jpg.rf.df54a10e305d103c129df2497e149195.jpg, 1
18911-5376-17971_jpg.rf.e0c3cc8fa0dde716028e8d40999a12d2.jpg, 1
7864-21526-26528_jpg.rf.e0ce939ce70183a1d52935aaf1f99ac0.jpg, 1
28329-161-22673_jpg.rf.e10a279088f837abba7b0c3ecd456f72.jpg, 1
10870-2814-14161_jpg.rf.e129723fa0f520b076a5dbc3d99329b4.jpg, 1
20453-7234-29499_jpg.rf.e1208ba57649f342ab182cbb05592e99.jpg, 1
3331-20498-29326_jpg.rf.e145598c5b22e59303f86844e721dab0.jpg, 1
12210-9099-3205_jpg.rf.e1c131b8abef88a644fcd156bc5a3c3c.jpg, 1
11659-9378-14580_jpg.rf.e1603157fd4c64437eae5ce823b6ef13.jpg, 1
8188-4417-31156_jpg.rf.e1d7ec909d2b0b74951939b42a119d5f.jpg, 1
14641-25890-23456_jpg.rf.e2562c885f7736168a332b4debaaa111.jpg, 1
24032-8323-32566_jpg.rf.e278b64f1303c613e265e64973ebb274.jpg, 1
16984-9457-15420_jpg.rf.e301f4e569c2b235bb94979e27e34dba.jpg, 1
1203-6071-15119_jpg.rf.e30f1e632ae150942e372a867acc2f63.jpg, 1
15082-13624-20206_jpg.rf.e33d138a28bdce0202eb1c3dc6e813ea.jpg, 1
17859-22116-2890_jpg.rf.e35daa3c8222ee991c4d49f0b7bc08f5.jpg, 1
19391-16569-10583_jpg.rf.e3b40515ac86c0e0064ee26d54fdada3.jpg, 1
20256-10393-9136_jpg.rf.e3b8e9fdd3b9d8deae46ee274828b170.jpg, 1
22762-21257-25363_jpg.rf.e53aac4632391e2bf3a4b043d9f55e0c.jpg, 1
10476-25241-32213_jpg.rf.e4641c4be3bae8bd50b30db4c6fbb360.jpg, 1
14639-23981-27680_jpg.rf.e6cbb3e58eebb4881a40753afc94d0f8.jpg, 1
12857-1111-27264_jpg.rf.e6e9e99707cad0f94e6bf9d7b063ed98.jpg, 1
28904-32570-24157_jpg.rf.e72796f293fcfb1ff30f59b9aff926cd.jpg, 1
10123-13427-7808_jpg.rf.e76408ef29e74f74984920612f1de5d1.jpg, 1
8063-12857-7749_jpg.rf.e7a27221932a12fe905a436bb7239336.jpg, 1
21806-3592-28502_jpg.rf.e805482c3b985c3f77ab4b81f1e41e96.jpg, 1
19883-19284-13901_jpg.rf.e865e9febde8bca49e392a0e6e206b33.jpg, 1
26816-8681-18854_jpg.rf.e889c619334ca25d27a1c37a2fdbda54.jpg, 1
10467-25096-7515_jpg.rf.e8ed2ef5ef12475f5e0e1e2980985b99.jpg, 1
5781-25440-27194_jpg.rf.e89132cdb2095f8168d5e325936ac495.jpg, 1
25235-11936-7229_jpg.rf.e9c6ca790f5c0cc31196e21d86f4e741.jpg, 1
6525-7741-26792_jpg.rf.ea235eab15edb207f559b1df8c68cb15.jpg, 1
19006-25572-975_jpg.rf.ea9633acc06b1400441c0dc854488415.jpg, 1
24804-15135-7646_jpg.rf.eade9fc0c18b05cb7b3c69c4ee6b57d6.jpg, 1
6101-21941-5586_jpg.rf.eb1cb5055d2ddadf83502f9876abc6d8.jpg, 1
5710-22657-32093_jpg.rf.eb3fe75984683eae44ca281fbf357494.jpg, 1
18273-7495-17987_jpg.rf.eb75e221a8e27dfa0bd4ed4c99e00593.jpg, 1
14767-18685-19829_jpg.rf.eae977dbcd854e20f61236c532910805.jpg, 1
28037-23230-18983_jpg.rf.eb94911770cd6aca15e241a3ce3cab84.jpg, 1
43-29771-18982_jpg.rf.eb8585e021d734fe8e65039cc27f5b3c.jpg, 1
28007-25343-16766_jpg.rf.ec18d9e9ec28bae82f9ffc40181e3067.jpg, 1
23638-31621-24135_jpg.rf.ec451b21c0ee2ace892297dbfcf8abfd.jpg, 1
323-11762-30575_jpg.rf.ec4bff699126e89cb24d3f44d9814369.jpg, 1
23341-15914-32328_jpg.rf.ec972a6d152735c8f7e2697d7d79d8f5.jpg, 1
4360-28473-6119_jpg.rf.ed673002beb80c27ab80f21ad751a91e.jpg, 1
2075-30496-8515_jpg.rf.edf352847172eded3737047737e88dc9.jpg, 1
3615-15239-28421_jpg.rf.eff07a79483e003d42a1d08527376510.jpg, 1
15856-18245-12249_jpg.rf.f0c081b7894e6f6fb9d61c306ffc5cc9.jpg, 1
10042-13933-21023_jpg.rf.f04b4fb1ddb1c58645ca2ecbdbdb9ed8.jpg, 1
12011-17492-11899_jpg.rf.f0c3aa12692c966f8aff8941fb0fa5b4.jpg, 1
20933-26007-24668_jpg.rf.f0cf275b392b495ab2682b2a49d5bd2c.jpg, 1
8330-25169-182_jpg.rf.f1149b6f493ec5fc13a55fa267b488ee.jpg, 1
16459-11698-543_jpg.rf.f18a2ee44ad24476e5041f59a053dd56.jpg, 1
12012-14485-30713_jpg.rf.f1aa78224acd5433cb53fe7adf627c72.jpg, 1
18856-29500-15990_jpg.rf.f1da0b259ab42e51db2ed802e088909d.jpg, 1
278-3337-31707_jpg.rf.f2c62b250ccf46b75ce2751a7ce7af53.jpg, 1
24556-20686-4823_jpg.rf.f2cc8463c5261b2a61b8457dd96566ae.jpg, 1
10464-18623-1842_jpg.rf.f30d13254b9ae1bdc831d25f48796764.jpg, 1
18940-13692-13687_jpg.rf.f353407f220b429f4ca3f9dc42e81fed.jpg, 1
10513-6554-30646_jpg.rf.f32d0e3eaa2d998bc055127729cedc71.jpg, 1
23682-23430-26880_jpg.rf.f3abfb80ddc4cbca3934b9cafafbe029.jpg, 1
7445-12411-1350_jpg.rf.f44ae3e3580abd11444288297d4735ef.jpg, 1
27604-21608-27049_jpg.rf.f3779adb1c84040bd4872cff552120ba.jpg, 1
7390-3519-1689_jpg.rf.f4c37db9454e2861462a9d9e3db524e4.jpg, 1
17158-13950-9469_jpg.rf.f4d87f09a3e15ff203a636b2da17bd11.jpg, 1
18114-28569-3099_jpg.rf.f518cac23c1359ba2d4fb132a27254ef.jpg, 1
13790-544-27465_jpg.rf.f55d3378eab016fa1fe76318f90180b8.jpg, 1
19672-16346-14306_jpg.rf.f59ea0231598ffb9eabd35834cc008e1.jpg, 1
4947-7007-14067_jpg.rf.f739ab96d3a68c421a56c4029349eb8a.jpg, 1
18445-6037-20197_jpg.rf.f7e31989e7c3607c2db8e6c67d8a28e1.jpg, 1
21981-22787-11564_jpg.rf.f81ac5258654607243fbc1102666152d.jpg, 1
8188-20819-12668_jpg.rf.f88f5e9cdc6af67c5253bd1d3ce49bb0.jpg, 1
22435-4891-32122_jpg.rf.f88f8d1eda62387c9671b1f6b69c16ad.jpg, 1
18443-22133-15798_jpg.rf.f8e9ea566bba763d5b0c57312f1bccf7.jpg, 1
11746-15863-29579_jpg.rf.f918b8f4cc22eb87c5b5e6cde13a763e.jpg, 1
5038-7675-17542_jpg.rf.f9216dbf567642e49c6a9bbcf6a77fee.jpg, 1
16141-28849-27678_jpg.rf.fb099f1ae3cb3600a95990d4b2c061fd.jpg, 1
17250-18779-15459_jpg.rf.fb2017eb359803d50588846a17b5b924.jpg, 1
15523-31730-6646_jpg.rf.fc78e4b6f383ebd5d82232b3c318d390.jpg, 1
12002-9559-1550_jpg.rf.fcf5c3b347c2ded1c6175e202b98fb84.jpg, 1
9225-21533-8121_jpg.rf.fe27973acd8796185a762ba011dec08f.jpg, 1
27578-3392-15087_jpg.rf.fecc9265216f484110c8d317d9d90097.jpg, 1
16125-17346-17973_jpg.rf.fed7c1522bcc567eb856f3a6558d8fda.jpg, 1
9337-17818-2277_jpg.rf.ff68af2301cccf7dfedb0fdcbf37bfea.jpg, 1
8979-15913-14810_jpg.rf.ff89204158bb8bc1dac303a51eebe6b8.jpg, 1
17889-1886-8732_jpg.rf.ffe32fff492b2ece48c0f7d4a6c2500f.jpg, 1
25832-4056-141_jpg.rf.ffca3a85ae35e9cf09fd3d1f662d19ef.jpg, 1
3122-17745-29234_jpg.rf.70bdd74cac4678f775a064f68a64e7e1.jpg, 1
6092-27351-10175_jpg.rf.716288c316d2256314a9b43c3012b525.jpg, 1
28861-6706-4980_jpg.rf.73132b13f739da88d77aced6512d1885.jpg, 1
23281-4046-6765_jpg.rf.6f348eb9b1daf1c85e8ba743679ad175.jpg, 1
26158-18248-11721_jpg.rf.6fc8e37638e67b768d5d1868a9917270.jpg, 1
19048-26853-4271_jpg.rf.6dda1978a06a6c40d8ffa8e325c2b935.jpg, 1
23770-18643-3081_jpg.rf.713c515f25f1504db45b155714c164b1.jpg, 1
828-30705-18214_jpg.rf.72de8e065002c2c0d61f462054f1f3f9.jpg, 1
21811-24198-22131_jpg.rf.6e38d8d1d73521cd3a2b5be08d187360.jpg, 1
3466-29968-6461_jpg.rf.77f00d308fb7a51c2db141045cd78788.jpg, 1
24583-11781-694_jpg.rf.7647ee0046b315e6e85f6ef370cc5319.jpg, 1
16936-20564-14516_jpg.rf.719bfd40caf9ee394e434c81892ec3ee.jpg, 1
10550-6037-21590_jpg.rf.783282726e74914d8d9137efab14dd2c.jpg, 1
9830-7370-12180_jpg.rf.744b733e8f087bc294cfca12af883e4f.jpg, 1
5246-15107-15047_jpg.rf.783d9ebd716fccdf23ec9fc076a2cebb.jpg, 1
27984-32070-20799_jpg.rf.6d966ea9bea63385558c1982375be4da.jpg, 1
18540-24980-27327_jpg.rf.6f283b145c08bd5492431b5b9d978041.jpg, 1
4302-13659-8958_jpg.rf.6eea14ca28600c3387e4dd4847dae553.jpg, 1
24615-16810-4412_jpg.rf.78416dcb46b9d208bb911d75748c3677.jpg, 1
24573-18119-21013_jpg.rf.7215c930d83002bce4cf369b40701249.jpg, 1
9558-20076-23015_jpg.rf.792cf037ed1de8dddb38bbcb23c1e36a.jpg, 1
25589-29744-7995_jpg.rf.6dc4d2cc3ab928686a1d63889678df2f.jpg, 1
13255-18806-16693_jpg.rf.6f279e45edb258c5a637c1898f9aadbc.jpg, 1
21113-14388-5649_jpg.rf.77dcd3e6b4eda817a52c9748f990821a.jpg, 1
16242-23381-7173_jpg.rf.77d553016939674910dcd29a6a5cf1a1.jpg, 1
24623-21766-26524_jpg.rf.793752e12c52163702de11aa1033ec60.jpg, 1
14374-28199-32123_jpg.rf.79a5f58c8044a8eb209f25bad8dae0ef.jpg, 1
16003-1852-15342_jpg.rf.7a269b218f4cb462348a9c4f914a0398.jpg, 1
23936-24185-16978_jpg.rf.7a7fe9883b879c89c6c88706d3e02251.jpg, 1
10044-22693-14526_jpg.rf.7ae6421816cd575eeec9eeeb2ceda6d1.jpg, 1
24098-15872-8823_jpg.rf.7b07d50e82e2c51baacdc99f236f435b.jpg, 1
17839-12171-11515_jpg.rf.7b0e775d327d89f05af4e155ca6de4d5.jpg, 1
24768-4413-27898_jpg.rf.7b466ec9915394ee3edcb34e87db5c43.jpg, 1
18192-9174-13234_jpg.rf.7b4f8e7022c601509436f32a61f8629c.jpg, 1
26159-23944-19715_jpg.rf.7c705b179a168249758c2ea23c84b933.jpg, 1
17024-26427-4233_jpg.rf.7c0f1a78062b758e0b2f956bdcc91284.jpg, 1
657-31054-2887_jpg.rf.7ca8b2d83c2fd49949bc015b76ee4694.jpg, 1
3271-16707-32470_jpg.rf.7d231bff1490f0e3f7be06e00e22555e.jpg, 1
4945-18430-29659_jpg.rf.7d5fa874a124706852adc884be083252.jpg, 1
15002-17694-25036_jpg.rf.7d8df1766f52cd9a9425444acdcaa3b2.jpg, 1
4759-6986-29083_jpg.rf.7d9fdb049463b9ba37e5894f4458b20e.jpg, 1
17476-26824-20387_jpg.rf.7dbae4abb8ad48b60b61aed80052e5c3.jpg, 1
15999-30433-13592_jpg.rf.7dd217d2103b24ae5347a1ee2524dd82.jpg, 1
23048-3400-28810_jpg.rf.7de396904de3447ab664f7110c87fdb2.jpg, 1
13774-27573-7980_jpg.rf.7ecc3a26db7c42527ecb7ff03d506fd7.jpg, 1
9199-30336-30866_jpg.rf.7f767c63327ed8f44deb8e98550ea486.jpg, 1
19775-25032-18160_jpg.rf.804902603374adcee10efb982b7f84b7.jpg, 1
5365-3583-2211_jpg.rf.8060ef94d1ec099b260e1067f12b40e0.jpg, 1
13748-71-22841_jpg.rf.8087f6206161442591e63f88ec51d6b7.jpg, 1
19735-6570-32525_jpg.rf.80b65feb68a02e09c59ef12534717b17.jpg, 1
16490-29322-1300_jpg.rf.81e949096f82fecb4c2e94ff25c19871.jpg, 1
23898-12831-8963_jpg.rf.83f9cc866557440d0fe4b7ee0410872e.jpg, 1
17580-12866-8637_jpg.rf.841ea9788c682a1f4a97e414e18a384b.jpg, 1
5109-12205-26664_jpg.rf.84229be4c73e98e70c35708f26b10f50.jpg, 1
738-17449-10524_jpg.rf.8422a4db8ce2dda9771e401aa67fd9d8.jpg, 1
14554-16812-28646_jpg.rf.846906d8dbea525876d720fa1adb6bd8.jpg, 1
28970-10892-25701_jpg.rf.84bcead60cd4b4790132a48896309a50.jpg, 1
13231-8244-24540_jpg.rf.851d0b6c61063981034e0a9df3758895.jpg, 1
16863-7707-26336_jpg.rf.85a3f9e2b303449a66a59a938c907b36.jpg, 1
3885-29802-30514_jpg.rf.860fc9c8bb8a1b502326e683c158beee.jpg, 1
21565-28413-13535_jpg.rf.862101158d1afa5b8c967cb75eccc3a0.jpg, 1
12347-14454-25460_jpg.rf.8684a657a55b3b4a1c3b31b5fdbee30f.jpg, 1
21190-2955-28746_jpg.rf.8797c26cbac7990c589e3408bc59f668.jpg, 1
1211-32051-13364_jpg.rf.87d4d59d778643c9f59de5c18ea9ffa7.jpg, 1
5879-32624-25758_jpg.rf.87d0cb91fdd516296527fd9e8ad782f3.jpg, 1
2475-29612-27529_jpg.rf.885e08d06ab0a17401e0963a254f2c71.jpg, 1
11865-15206-14804_jpg.rf.888fb00852990d436a1442e601545437.jpg, 1
23728-16789-6633_jpg.rf.88b1210f93b5c93e2238bbcc18a302df.jpg, 1
4926-32698-449_jpg.rf.89386bf1bf9332ffbd6c35d2d0cb950f.jpg, 1
12558-2701-29590_jpg.rf.894b6752c7719887695c9fcf47cc07d4.jpg, 1
25426-25625-8108_jpg.rf.89da19890d116f5be5fb83fa708f6801.jpg, 1
16147-25696-12489_jpg.rf.89f78b69975d23492f244b7837c076a7.jpg, 1
7471-22366-7261_jpg.rf.8a392d6a7dbbddb2774d0d69b900c32a.jpg, 1
22055-10511-4508_jpg.rf.8a39a48e30a7fba1695c80c06e0cf09c.jpg, 1
13063-24039-4792_jpg.rf.8ac76ee1551475597353f530e2aaff6a.jpg, 1
218-21751-20583_jpg.rf.8bb702566e2260f79c8e246316a7abf6.jpg, 1
9885-11244-21312_jpg.rf.8b19c5deb2441eeb2376fd5bb7c774ea.jpg, 1
10459-20509-30346_jpg.rf.8be27d25e84a471664c86ad18f5c934e.jpg, 1
23228-1865-14931_jpg.rf.8c4cf95f7c21d56dd970065b27ed8f71.jpg, 1
27669-14591-23650_jpg.rf.8d3b961357fa774753dbf8bb5a5092e7.jpg, 1
10261-16366-20213_jpg.rf.8da8d741a06f14448f8eb542d0ce85e0.jpg, 1
22123-29853-41_jpg.rf.8e490737b207e325a58a7cfb4af64054.jpg, 1
11443-10232-8332_jpg.rf.8e7a160d7458dd07040a64547323d2e6.jpg, 1
19251-6750-21258_jpg.rf.8e83021dfebddb15e83e1279857e3abe.jpg, 1
19225-2058-9482_jpg.rf.8ee3777d2cfbbd738b30dae38e77fad4.jpg, 1
3819-25919-12556_jpg.rf.8eea3d2d17ba3e753035caad7d9bd80b.jpg, 1
24143-29020-7834_jpg.rf.9065453467314b668ac986917239b600.jpg, 1
18115-1271-25093_jpg.rf.907e6e72e2415441f1e6f7658bed4701.jpg, 1
21616-20997-14762_jpg.rf.90a3560d2973ee741ca9dd4f65c4ec6d.jpg, 1
25492-30132-513_jpg.rf.918b1cbd7aaef90192d310220789f2cf.jpg, 1
16734-31504-14853_jpg.rf.91dc3d2d8128b46384a39db12e561811.jpg, 1
15882-25735-27601_jpg.rf.932de87249271bd0a671466b46631835.jpg, 1
20297-21305-31458_jpg.rf.936400eb1abcd7525ca73c00944d500a.jpg, 1
16587-28366-6335_jpg.rf.94d17ad27881b879d0a101ae696fffe3.jpg, 1
3034-27618-23810_jpg.rf.947909fac4fc021587ec81d107587bb3.jpg, 1
11832-29866-6755_jpg.rf.94d3c7be7da8c2192561457ff137586c.jpg, 1
5275-20758-21887_jpg.rf.9565fead9e877f65b618fc230592aca4.jpg, 1
10115-20522-28827_jpg.rf.95d9fa810364342f0041045eb573bae0.jpg, 1
21853-30184-16593_jpg.rf.97332c8fb7b3cb82b62dc5d693e17ddd.jpg, 1
5588-16047-19980_jpg.rf.981ab9bf571f54c65d09894b21c8fcfb.jpg, 1
8336-31741-12179_jpg.rf.984720c3fe488cc4bfc35cad1714353a.jpg, 1
13400-17847-20872_jpg.rf.9880fab3614983e8d0f9cfd20354c609.jpg, 1
27801-3337-18912_jpg.rf.992b8a7f8bc761bee6cb37dddb285e1a.jpg, 1
26772-23273-19231_jpg.rf.996f075c50dcb9dbb40369116c366087.jpg, 1
22671-10343-32431_jpg.rf.9971411677c4e14595824f43fb88d19e.jpg, 1
6361-5837-31783_jpg.rf.9a4a306e202e967080aab55f576632d6.jpg, 1
12822-31824-30882_jpg.rf.9a4ccbdd28c68128449ade1dcfc0d7dd.jpg, 1
10143-3828-22370_jpg.rf.9bbd8dc80f653a1e7df4500b6eaba7ba.jpg, 1
26449-21896-7443_jpg.rf.9c53b6a34919077fbb5df38918f2c524.jpg, 1
3228-26395-16666_jpg.rf.9ca200e44327b8eae3ae48bbdb6f44b4.jpg, 1
27441-20126-13653_jpg.rf.9dd9e31a588ca11bf388481eb7fbacc8.jpg, 1
10301-2408-11023_jpg.rf.9e74ea5905a8661d4d1f63e5ffa1eb14.jpg, 1
2210-11591-22360_jpg.rf.9e8d965dbd4d66724c126f476baa9e7e.jpg, 1
4659-22804-11938_jpg.rf.9f3f180c345dd958a319bddd7cb915e9.jpg, 1
16461-25206-7984_jpg.rf.9f93fdddeefcdacd182c388864056019.jpg, 1
28605-30560-16915_jpg.rf.9f941a042ada738d3ecdf1b0392f6459.jpg, 1
25558-26450-6096_jpg.rf.9fc56c156e0a3f6c95e743b882381b6c.jpg, 1
24737-3392-3018_jpg.rf.9ff81787d8b302f08214be74fe75fe93.jpg, 1
9550-6728-8968_jpg.rf.a113cf87f7df968a87886f9b5414bd7a.jpg, 1
1669-31466-12526_jpg.rf.a12f11972a226d1f571f81aa1062656e.jpg, 1
26747-20949-15380_jpg.rf.a1eba9b0d229c0f567906f4d590d8d9d.jpg, 1
5914-16348-17223_jpg.rf.a202f7de06134d99573674f99602d9f9.jpg, 1
28393-2769-14828_jpg.rf.a25d46c9c7dbed9ab23926c2d2b6bebb.jpg, 1
10836-27375-32520_jpg.rf.a26c32ca63138d27cf43f932c3e8c342.jpg, 1
15464-20701-5026_jpg.rf.a2fad24bb515c9b8fdc9aa352e9df70c.jpg, 1
2281-16872-5202_jpg.rf.a37669f02703de63f7f18504f8755ed7.jpg, 0
2038-9141-6019_jpg.rf.a40e7be1de2e726fc498866ce797c090.jpg, 1
7441-20227-2554_jpg.rf.a42dfac4d625fdfab886d325aac74ced.jpg, 1
4904-25971-4731_jpg.rf.a4cfbda67222252a98e0060034aad33b.jpg, 1
17251-26429-26495_jpg.rf.a432f40cffeaa1b181def3d937e85ee2.jpg, 1
17378-9303-20253_jpg.rf.a50b856e3009b29abe6516cd53850ec1.jpg, 1
8389-30912-22686_jpg.rf.a50ea3996591f30ac25c8ffae0148f9d.jpg, 1
17899-11658-22470_jpg.rf.a527618f1da2d990586bd43f006ac5cd.jpg, 1
9049-23620-31115_jpg.rf.a5584b860b400856838c016db17e998e.jpg, 1
14300-25250-1589_jpg.rf.a60bbea7f4d578abc6ef8d23918b82d1.jpg, 1
4354-21925-32641_jpg.rf.a601be0a2225802e4b8a41455ee754c0.jpg, 1
12815-26733-3505_jpg.rf.a629e8f43a409e329bbf5842a45873c4.jpg, 1
20930-19963-6015_jpg.rf.a6a382732c5fb7ed5c496a6ae39f31e8.jpg, 1
25789-11484-17544_jpg.rf.a6d31193d9c71961ad49539da7c52b93.jpg, 1
10981-3791-7911_jpg.rf.a85a306ebce255dcf2002a0fdd7e63f6.jpg, 1
18838-29447-9560_jpg.rf.a6be7881cd5d4c942c6f48054fbf7f86.jpg, 1
11938-16786-24903_jpg.rf.a8fb864976d42735c448edc36ae69849.jpg, 1
27008-16354-6385_jpg.rf.aa3156c22bbf50bf8b3a105651b4b58d.jpg, 1
10633-9023-25083_jpg.rf.aab6f9a6b33cc8386377060731c62a3a.jpg, 1
8063-5113-26803_jpg.rf.ab3467709e05f9084f6339d01254e392.jpg, 1
12526-6267-30824_jpg.rf.ab3efd489cd49bc7fd8a153732034c47.jpg, 1
13055-2449-18394_jpg.rf.ab505baf542137e92fa66883ecb8cefe.jpg, 1
16072-22649-5836_jpg.rf.ad696a4fe7cae3909e27fc4e337c8dc8.jpg, 1
25367-3679-23038_jpg.rf.add344073efa78dadabbec6b11136718.jpg, 1
11701-28845-25292_jpg.rf.ade598a7f59b7f0d63d3c409b7684870.jpg, 1
16202-20413-12973_jpg.rf.ae9ca82fdedadf3158d0478544fe0c3f.jpg, 1
20534-19074-10964_jpg.rf.af8420c0ab1ee66ff137d7d2c1340c8a.jpg, 1
25385-887-26529_jpg.rf.afae761b2bffb861b2035646681f0aca.jpg, 1
11553-29600-496_jpg.rf.afb44e78b4fffd78890768555cd02f17.jpg, 1
15916-20960-5753_jpg.rf.afc0aea43b8e7f59abd63d741782c252.jpg, 1
27323-25666-16252_jpg.rf.aff49f00d6c35bd40d86ec3d98ff7867.jpg, 1
27041-140-8024_jpg.rf.b00011512ea0aa3fe2e7b7b028d51c27.jpg, 1
28846-29540-32680_jpg.rf.b22d4635cbe0affad9361e58cd1721ea.jpg, 1
27170-29740-19918_jpg.rf.b0690b014711ff2b930dc72e3ae74cf2.jpg, 1
13124-20646-21695_jpg.rf.b363a4a7c7535e134491d1a026b3ceb7.jpg, 1
21381-12042-3166_jpg.rf.b2958f0d1b09e8dfe6020b18c8583f16.jpg, 1
3169-1784-17998_jpg.rf.b36d0b833ea7b832a15e5aa16c72a219.jpg, 1
18657-29754-23109_jpg.rf.b38af2b3a6cdb947ec964ea47977d3b1.jpg, 1
4996-28148-9324_jpg.rf.b40746ed3e070c3531f22fd6bab65c7f.jpg, 1
11585-24945-11798_jpg.rf.b44da88a59001b7defde3a34e7a8055e.jpg, 1
26373-17234-9515_jpg.rf.b46e5246eca8db89cdbe2d4353a7b04b.jpg, 1
25144-26294-31031_jpg.rf.b5c037ff0eda164846a9a1529e460484.jpg, 1
22367-21801-30270_jpg.rf.b67ae3f30a95d4fd4c58bf2530d96127.jpg, 1
17693-30515-31508_jpg.rf.b60200861999d4328468bb5bcd54b43c.jpg, 1
20708-5511-2135_jpg.rf.b768750e399c9a808db388b15f3d3122.jpg, 1
10095-8083-3555_jpg.rf.b798453c5f9eb9f8d6d386ca64d2b21c.jpg, 1
10937-11944-19395_jpg.rf.b86f250dcf4c85b69caa57aa67289da2.jpg, 1
19808-26583-8295_jpg.rf.b8ee9da7f34dbc4bb74ca8e1831c22de.jpg, 1
19785-16487-14459_jpg.rf.b95b3b5ebda7ef4dca93ec60d5fa2991.jpg, 1
21058-14041-21601_jpg.rf.bab00c293cfb0b28c69e651a0b908ca9.jpg, 1
13348-7676-5647_jpg.rf.bb50857be8e128ba6afcd713f28c808d.jpg, 1
2197-6721-31319_jpg.rf.bb17f805fcfda37cbbecb5d806b1fc0c.jpg, 1
18514-18243-14510_jpg.rf.bb6c1d02051e4ec8692ed50c26913f86.jpg, 1
28909-16610-3973_jpg.rf.bbbcd23e955c1e898e910641bf053344.jpg, 1
4369-21001-10308_jpg.rf.bbe8660aa9fd29c3edcb33cbdd299303.jpg, 1
9534-13425-14929_jpg.rf.bc02cc659c8143d84f4c64cbb6f7423d.jpg, 1
17365-28212-9700_jpg.rf.bcad046c0ecfa15817e46c580c8803b2.jpg, 1
20311-27162-12488_jpg.rf.bd0c950ca5af0de299265bb2c45c5dfa.jpg, 1
10489-16875-10612_jpg.rf.bd3d2ee3fa7ef968eebfad97edfd50fd.jpg, 1
14032-21309-6090_jpg.rf.be0d3d8989d92f98b193d67dad3fc9d9.jpg, 1
2503-13196-17182_jpg.rf.be1d01c5853feaf14b3accee7e7112fe.jpg, 1
23762-27500-15579_jpg.rf.bf1f43daa6a4387ef6c1bbcf897c04d4.jpg, 1
26501-12065-2914_jpg.rf.beadabad59f83d5de4922ba762bf60b1.jpg, 1
6784-16551-10140_jpg.rf.bf1ce21fcfc6bbc3455cba51d129e8f1.jpg, 1
18813-30827-21383_jpg.rf.bf3b4a6bc2c0cb64c00260639f6fc893.jpg, 1
14273-9925-21994_jpg.rf.bfa62c6bc5c38af19a3f93bb66c67bb2.jpg, 1
27633-5568-21699_jpg.rf.bfe9147f2637daa6cf2e459b2a25753f.jpg, 1
21200-5472-6582_jpg.rf.bfc07933e35caa9bfca2f414d9ee8e74.jpg, 1
9305-28067-12101_jpg.rf.c02608ad1db7cb055db8ff021d3fb984.jpg, 1
16350-26706-23064_jpg.rf.c0ab472383a9832133fb78b1406ea44d.jpg, 1
12347-7290-1672_jpg.rf.c0de2a15b1b4982a0ff0e170746f72db.jpg, 1
22236-18561-28501_jpg.rf.c0f9cc087bba31720d62ee229194ff9b.jpg, 1
10961-6171-14237_jpg.rf.c0b96f3dc3446c0b0cddfadad341479d.jpg, 1
19962-15172-9045_jpg.rf.c11c6d2b9e128a389cccc28f888942fb.jpg, 1
4375-13081-23040_jpg.rf.c16c7bce6f17fc37989491873bea769d.jpg, 1
17605-31111-29638_jpg.rf.c18f174635a309064a431e8c926c9a63.jpg, 1
8420-17575-1559_jpg.rf.c195c9e79e8a16332d8b76e23a67229c.jpg, 1
9048-24356-25261_jpg.rf.c1a9099e366cc11a236656236bf08565.jpg, 1
23264-32303-14894_jpg.rf.c1c7691bfda6ccee0d665b8b2b88a7da.jpg, 1
2357-19190-25091_jpg.rf.c22f373f9f945da1995f2fff0f3e32f6.jpg, 1
16487-19326-4038_jpg.rf.c30d3e370c36d113791c10e6f06182a8.jpg, 1
18024-13149-27340_jpg.rf.c331329b12ed62194351e517d2d2b298.jpg, 1
16295-19611-20697_jpg.rf.c341b0ce37ad1762a065acfc8b49a7ee.jpg, 1
18972-21728-28797_jpg.rf.c35c5b1ea0e6ea91f79f4f655b82a686.jpg, 1
23626-3011-6553_jpg.rf.c3b76a7a99b29ddf9170485efe35b8e4.jpg, 1
27026-10107-6582_jpg.rf.c3eea7e35edc97d7a869c4ad784ce156.jpg, 1
24774-4179-6645_jpg.rf.c3f62514f0f3ca18bb4d99b106ba74ff.jpg, 1
26982-671-22137_jpg.rf.c43412e70b051a0b9ca8031db9614155.jpg, 1
5044-30548-13576_jpg.rf.c4a9e2cd62c3a75e585d81c1dcdb5315.jpg, 1
16548-15657-10857_jpg.rf.c4ba6b5470d772fecaef06e6ff1a8e4e.jpg, 1
26281-22957-12248_jpg.rf.c446e2d47fcc265b45b5a8247406160b.jpg, 1
6517-30405-32360_jpg.rf.c73527ebe7ff9e3618b81f90b6072dd9.jpg, 1
25672-13374-606_jpg.rf.c54c6b3e8bc7585dddd91216905de721.jpg, 1
10672-23778-19626_jpg.rf.c881b06630edc77ea3afeef35f826f8b.jpg, 1
9481-8268-30905_jpg.rf.c88f570ac8325c183a18b69d8c633728.jpg, 1
23054-23930-14623_jpg.rf.c895d8d141c783df9a51fdddbb256f4f.jpg, 1
18545-6907-32509_jpg.rf.c8c2ea934951f1259a1abe01458295e8.jpg, 1
26910-26757-32425_jpg.rf.c9ef90ac8df8f4c1f5a01277d37afd71.jpg, 1
27771-31775-27662_jpg.rf.ca48473cac24b33bbbb6b09e8ccff181.jpg, 1
9016-6823-22502_jpg.rf.cc2b1c9c1f801b3218e36685d371d1bf.jpg, 1
2082-12098-5640_jpg.rf.cca991926c09a82da8684f3fd88e5341.jpg, 1
19126-21515-19857_jpg.rf.cceb0796ab9ccbc7044a0bbea5af95f6.jpg, 1
21941-4202-8730_jpg.rf.ce40ee37b2710bc929b5d43a19736d89.jpg, 1
20371-15535-27701_jpg.rf.ce7325a04e7c000cc767e7bf8cc7405c.jpg, 1
2416-22220-10499_jpg.rf.cec23db280a78d7f5fb74510f2c538f7.jpg, 1
5948-10084-17348_jpg.rf.cee31ffbf9487065305860114483900a.jpg, 1
17509-8879-12302_jpg.rf.cfa1b41ca757a8936f8ebfb838c196e8.jpg, 1
26691-7041-7125_jpg.rf.d04be95b088a2603277e8e094447cddf.jpg, 1
27690-7705-17819_jpg.rf.d0f33d6faccaa259d9228caf152dfbd5.jpg, 1
3387-7741-6801_jpg.rf.d0fbfe79b3a035274787ef58022da565.jpg, 1
19198-5299-14211_jpg.rf.d2053f23677f081e76ca1ee0883d6ecd.jpg, 1
18527-31166-18487_jpg.rf.d24cf8455de6dd499d5a066ca1177380.jpg, 1
27685-31415-15722_jpg.rf.d2aceefabe81f50a469b815c8cb5609a.jpg, 1
18603-2812-26781_jpg.rf.d2b5c1e0cdfddb9c7cd8f248f3690d68.jpg, 1
13180-15214-23365_jpg.rf.d2ca68b1a6d468db7e725557abbf45a3.jpg, 1
1740-12310-28550_jpg.rf.d31ea27c44a58ce134ef92f17d255c2b.jpg, 1
747-10826-1272_jpg.rf.d2e8f0cd5d0d3ce8c2c4d82e0c8aed60.jpg, 1
5380-3309-19682_jpg.rf.d449cfcba9b17ddc16b5d88ee8a2d2a7.jpg, 1
5296-11382-11701_jpg.rf.d32feb372fbc3970e155dfe0c7007317.jpg, 1
1000-20421-14045_jpg.rf.d503f924ac22a012bdcba8f919424007.jpg, 1
1678-23883-21738_jpg.rf.d5924c06ee185f6a91ce23b2b8a47097.jpg, 1
12441-31278-28413_jpg.rf.d5bd9f5ea7f9103080b6bdd837e78fa7.jpg, 1
3433-25833-9293_jpg.rf.d5ad4796bdef508db21334b512facfeb.jpg, 1
23718-13351-14378_jpg.rf.d6d27b4825c5924cf60bb80e2ad37a47.jpg, 1
12830-22488-19278_jpg.rf.d71bfdf2f0fe9390c019b39faec2f860.jpg, 1
16547-20612-14402_jpg.rf.0027ff42b23c30c2960cf58feced9a8f.jpg, 1
9436-17744-31867_jpg.rf.00d9ae9ce33e7213a0ed2d24c6becbf2.jpg, 1
9286-21191-16984_jpg.rf.06f73377af6a823fe18a57fd0cf3de00.jpg, 1
26902-11792-6333_jpg.rf.021b58d84a74ceac974fb8f477dce5b8.jpg, 1
26115-1026-20995_jpg.rf.018d3113c2d3334053c582c88a2f3d06.jpg, 1
12871-4586-16256_jpg.rf.06003d46ff1c02018e41d07819ddc461.jpg, 1
923-19557-1699_jpg.rf.0a0ebb4364c1bdd9a0a0c696d01348e1.jpg, 1
11790-29655-8060_jpg.rf.0ba2a835ac52f03155e95cd7eca468f4.jpg, 1
27752-9131-21004_jpg.rf.0c01ae08ce0fc7ed7264acc8a15ca61c.jpg, 1
7165-18035-15234_jpg.rf.01e3270e134df0c1a4ffbe9bf0cef0d5.jpg, 1
25782-17373-30674_jpg.rf.04a0485e963c604b55d763cf00519b01.jpg, 1
19482-2952-26560_jpg.rf.05bec973ceef4fcdbf602393e1e00b0c.jpg, 1
20591-21473-29688_jpg.rf.000f9832c672ecd669e6a98d81e94eb5.jpg, 1
23463-25353-13680_jpg.rf.04809bbb8386e3d30de96180089b64c3.jpg, 1
18471-16183-22972_jpg.rf.0371770ff4a698f751ac0272bfd33222.jpg, 1
6789-28742-26854_jpg.rf.04a97d3de33b6a3eb5b6e84fd1d9346a.jpg, 1
27073-20089-18070_jpg.rf.0464371044c8754c2e1b9e04a23a6fea.jpg, 1
17947-6453-28434_jpg.rf.073fa28fc652c64f8ae765e635725a23.jpg, 1
15080-6876-2472_jpg.rf.03a21ac012eea4fca6fc319e6e8d0c6a.jpg, 1
8937-30765-5828_jpg.rf.042d032820e3c616fd9657d41d191ae1.jpg, 1
17731-27774-26142_jpg.rf.054794305a2233aff0a58ba580df68fb.jpg, 1
21393-31582-1325_jpg.rf.025f6b4a22b1ba006de60c1db2771329.jpg, 1
21852-4575-23563_jpg.rf.040c582f39512d241fae1ad5605a4c54.jpg, 1
968-9694-6284_jpg.rf.075ddbcfaa728dd08dc2debeb5d57c25.jpg, 1
21301-24181-505_jpg.rf.0806f5faf8cdc1753c08f6804496837f.jpg, 1
21052-31316-11155_jpg.rf.0c32fe196dfa509e180382f42452ff6d.jpg, 1
22652-11933-18270_jpg.rf.0c69dc77d1b0ded07a0914601e0abe09.jpg, 1
18710-11862-20868_jpg.rf.0cb5dd93663ccb47de94793c3df690e9.jpg, 1
23245-27929-20242_jpg.rf.0d32ae9bc0e150422b4a8ff6e8a36a84.jpg, 1
3458-7338-19963_jpg.rf.0d9e34fd48c2e682363ee401347a5c45.jpg, 1
5960-2104-27505_jpg.rf.0d814eeca0f619fbee23028d888ffda3.jpg, 1
9345-25022-28425_jpg.rf.0e265233b577b3bf31ec09d082d86c76.jpg, 1
16761-2038-583_jpg.rf.0db7f772288af2e0a3e9c98ca5ac0bdf.jpg, 1
16418-30632-31027_jpg.rf.0f768a703c7b2ba50d3401c85c5df3fe.jpg, 1
4105-30499-19253_jpg.rf.0eeaf2e360517ace60b11e11e9729c2e.jpg, 1
15449-12189-26553_jpg.rf.1122a9d13d8f6711bd883befd61b658a.jpg, 1
19945-17058-30177_jpg.rf.11ec85de0215b5559263a6f4219db772.jpg, 1
14616-18083-22129_jpg.rf.12543870a75c7d582ea322a8da884709.jpg, 1
14844-21332-19241_jpg.rf.125a0c14b3efc772fa1e5980d66b6f91.jpg, 1
8952-23591-14072_jpg.rf.139599209b6008549c661e97a447e391.jpg, 1
12792-23113-14537_jpg.rf.13bb35f58f995248874c04257380f430.jpg, 1
7005-27344-22291_jpg.rf.1471a4e2aa6c83a00116bf9aea353289.jpg, 1
27344-17236-1512_jpg.rf.14bdf565ddd3d910eef542bf22c82a54.jpg, 1
3090-8680-28202_jpg.rf.150ddace118f911782b5cd965824051c.jpg, 1
8989-29350-21589_jpg.rf.155464d0f244350001d66b34c9cb947f.jpg, 1
24078-12484-67_jpg.rf.15d9c04b9f2d0f13bf1a3252c06d89aa.jpg, 1
1173-29020-10965_jpg.rf.16220dee769a30406e15e1b4765cb4fe.jpg, 1
14418-24476-15835_jpg.rf.16c976ba96dc3d1cb722d51f95b295ad.jpg, 1
11487-12492-6233_jpg.rf.16fff7b4b651dc232a346891dd1c0339.jpg, 1
20057-13615-29738_jpg.rf.174d05ad8812f85af17c0b1cd3b053e5.jpg, 1
22445-4230-12797_jpg.rf.176f1e863fa01cd88539aee8368aeac9.jpg, 1
15827-22072-22918_jpg.rf.17bf0370401ea7b25f8be5a624c502d0.jpg, 1
9953-23102-19082_jpg.rf.183c45c61a5c46f32f29d7e9cc74610e.jpg, 1
13433-18326-1727_jpg.rf.1a360336b14e17cabc55a35f3bc16540.jpg, 1
16232-541-8767_jpg.rf.1aaf52d21643ad388fe6ab82da6586e1.jpg, 1
15475-12284-599_jpg.rf.1c41b86827acad7d921e7ea0c8a90785.jpg, 1
28510-8046-27465_jpg.rf.1c04c410fc90cb833ebce9a1512437f0.jpg, 1
17111-21114-13343_jpg.rf.1ce9d8e2d3852dce94ba095a03d2fea1.jpg, 1
3075-14958-25991_jpg.rf.1d19aa65161206f7064b73736c609829.jpg, 1
25050-15167-26050_jpg.rf.1d2cbc9ef17aacb6f9dd25f9c57a18a7.jpg, 1
7039-26126-23372_jpg.rf.1e1a0ae889bee094a90976fb18a8fc44.jpg, 1
16557-13892-31148_jpg.rf.1e30b6d6e7467867ab86cdc1cfe77edf.jpg, 1
8536-4009-19646_jpg.rf.1e689d4316fcaede17276d4b0e4db017.jpg, 1
10078-12824-10426_jpg.rf.1e86d2aeb6b9e9ff598f21dad4b3a0de.jpg, 1
1253-6631-23442_jpg.rf.1e960cb582887a5875270cf856516ba5.jpg, 1
13734-30635-20675_jpg.rf.1eeb7611f548e122b9a870dfaa4c3ed6.jpg, 1
6601-17251-11410_jpg.rf.1f9148b9e65c0e5d0730646545bd553b.jpg, 1
21463-25955-26892_jpg.rf.1f0b48de35f5bb801c7dcee1d408b38c.jpg, 1
16729-3568-31046_jpg.rf.20127ce15cf6417e58dbd713eca1975a.jpg, 1
3488-23384-514_jpg.rf.20322fa276c02479ce59c6584d8bcd97.jpg, 1
8935-17347-14452_jpg.rf.204fd2d6f73d795767588630516d06a7.jpg, 1
23597-29702-23442_jpg.rf.204bf523cac7e7fd73d09f386baba411.jpg, 1
20687-8356-3272_jpg.rf.2109ad8a3ab9c0b3d574641477511657.jpg, 1
11307-3413-3778_jpg.rf.23a7ebd11f7f2d1a7946ac045d7f949d.jpg, 1
15031-29337-20820_jpg.rf.243335c26f79426a44d127d7c51c9613.jpg, 1
11010-421-25482_jpg.rf.2466a86e98d8082dd596cfa3ebda94c3.jpg, 1
24465-19664-22145_jpg.rf.24766f525e3ce9eb237abbb11624e7e0.jpg, 1
4451-5903-4446_jpg.rf.2591c5ce9ab53802c91db760d00a97a8.jpg, 1
18555-29692-18101_jpg.rf.25f40558fbb6e3019572e7ad1560a193.jpg, 1
14414-23971-16103_jpg.rf.25ffebeb81d2c36a3e7cf9131d1eed24.jpg, 1
12116-1035-18477_jpg.rf.26db28f4b555200d372e252b5b8672e3.jpg, 1
17317-15682-21716_jpg.rf.277a71fb509ddd3eb8062506845f3dd5.jpg, 1
19654-23269-10805_jpg.rf.28ae5c4bdd0d99cc3eb106b90e934007.jpg, 1
9535-9231-27370_jpg.rf.285fe184a20a273c7fc75b95b8d83fa0.jpg, 1
25757-6345-25504_jpg.rf.28f5bc7565b0fec81347ef2e139ee967.jpg, 1
15597-23398-23628_jpg.rf.28f7de2adbab65b6ea783c20f021a470.jpg, 1
23225-18907-496_jpg.rf.295dc9a7ec069e705864c837714be9bf.jpg, 1
24981-26973-10286_jpg.rf.29eedce85cdbe469ffbf9b30596df906.jpg, 1
3027-21906-10575_jpg.rf.2a587d68eecb6c81056c90ec3d886543.jpg, 1
22073-31526-5572_jpg.rf.2a8ab9abb5f6924bca1deae943c42373.jpg, 1
23690-15587-26798_jpg.rf.2b02a23a77cd29da503e4f769db41f87.jpg, 1
19793-23909-7087_jpg.rf.2b1052b8c0726caca322947e20a71697.jpg, 1
16142-32562-15544_jpg.rf.2b611d2427469336304f98d0d40b10c0.jpg, 1
10086-5128-10547_jpg.rf.2be3875311eb3b5859cd0f076054581d.jpg, 1
23232-12819-21817_jpg.rf.2c32c304af998a5912cae0df6e8de2a8.jpg, 1
27631-22605-5951_jpg.rf.2d4906c4c1c3f491b57f067172d5fad9.jpg, 1
26043-351-26501_jpg.rf.2da763ce686c47c7257dd55c827e4ec3.jpg, 1
4284-26219-8542_jpg.rf.2dec7490f88a6bbb9df61ee597fad1db.jpg, 1
10959-12887-9848_jpg.rf.2e5b6d5653a7d0167a31f5f162c3a181.jpg, 1
2790-23122-20629_jpg.rf.2f548bed9cb38bf0fcd3b447cdd20cfb.jpg, 1
25180-31627-13418_jpg.rf.302ae9c78a8e77789c09a111efbc11b1.jpg, 1
23817-15645-11080_jpg.rf.306143bad2af384602db23a82f2a0190.jpg, 1
18874-22652-14582_jpg.rf.310e3274740d1de456881e0710557016.jpg, 1
17668-10680-10868_jpg.rf.31678d31bba924af0780c9d6e6aa44b0.jpg, 1
10719-18350-26203_jpg.rf.31ba953e85ce872fbfedcb605c1e6e04.jpg, 1
27136-7368-7786_jpg.rf.320c73fd7dc3fc57fe78611b87eefbb6.jpg, 1
6978-16814-19134_jpg.rf.334564f9dd602ea02ad5216d64305819.jpg, 1
28659-11813-20732_jpg.rf.33b473467c6d11444757a871d998eae0.jpg, 0
5802-27436-19926_jpg.rf.343b5e5b52e50dc57bb5538684175867.jpg, 1
706-8650-26169_jpg.rf.34d6cb4dded1bb18fd901e0a3ff5bc74.jpg, 1
27529-17051-26736_jpg.rf.352000f6dc874e2f7b442cc1ddb25fff.jpg, 1
20808-19584-19886_jpg.rf.360a1c55bdf790fd805cfb0fd8cfe585.jpg, 1
11232-14149-536_jpg.rf.34f050adfb90a437d1f33dc04310d433.jpg, 1
5535-4697-7882_jpg.rf.363f2bf9e5346bec6192e4b582b3c0fd.jpg, 1
27479-28630-9957_jpg.rf.364182be9c42149017deeace0231f7c5.jpg, 1
18733-19911-25661_jpg.rf.36d05bf8321eba8d5059448e9988763d.jpg, 1
7822-18061-14810_jpg.rf.36eb1b344b7ea9ab790e47c9951a6c2c.jpg, 1
5570-16534-5568_jpg.rf.376af8f1759104d0449659c4473d23dc.jpg, 1
6474-3934-2806_jpg.rf.37bc0ec2ac8faa27573a681e77d38255.jpg, 1
22756-26781-20389_jpg.rf.381d63ae5183a2cdd8bc4e0f6dafb87e.jpg, 1
2873-24500-23551_jpg.rf.384456cd88e63fb446d5fd3c49a99ce5.jpg, 1
21612-15686-26389_jpg.rf.38df636dea47f69ab8e0de3eb4d5b5be.jpg, 1
8894-7787-20266_jpg.rf.39c2ffd7a0ee222d0b41594d48121f1d.jpg, 1
18453-24519-22451_jpg.rf.3a9c57a0b0b634ca930563aeabcf0d2d.jpg, 1
10633-13063-7032_jpg.rf.3b7af475d7a3b5a497af671afd4a365d.jpg, 1
11336-16596-5768_jpg.rf.3af04e75ca9ab62c559fc4e677dc96c7.jpg, 1
2363-18337-22073_jpg.rf.3bb1bf6d21aed05a35c3a79ec0141b4a.jpg, 1
28396-3236-25283_jpg.rf.3c4df8668fc3ce4558c4381f75eac922.jpg, 1
19930-13726-14549_jpg.rf.3d0d6b1f5f1e21d5ed75f5c485d8100f.jpg, 1
14212-9688-29860_jpg.rf.3c96ff30c612219582b3b03273ba064d.jpg, 1
10064-24899-31751_jpg.rf.3d84682e5297c7f1fa7414612fc5d6db.jpg, 1
4723-31809-418_jpg.rf.3d825a93525ae609e0a2d49837ed308d.jpg, 1
9986-13473-27884_jpg.rf.3dd23d0bf7efad6f4b69577918266444.jpg, 1
24584-9306-20679_jpg.rf.3e2fae25a1ef550b3558f49963eac32e.jpg, 1
18550-6404-18575_jpg.rf.3ea6c8752c1ebbb10b56fbe0889c6c7e.jpg, 1
25590-13259-27962_jpg.rf.3ed8e27c3ef58bfec136aafa42f94049.jpg, 1
9433-6372-719_jpg.rf.3ede502c4ccd4085a2bcb19e0a36e9d9.jpg, 1
26564-30339-19741_jpg.rf.3eeb29da98e8c84b78ba3e4598cb3f90.jpg, 1
26707-11017-30452_jpg.rf.3ef8d60fd9cc64c0b3f53fa67127d28c.jpg, 1
16371-26799-8164_jpg.rf.3f3d2a0fab42453605b800e894a781b6.jpg, 1
8172-30013-1690_jpg.rf.3f772302cbe293defaa2bce10240059d.jpg, 1
16079-19018-20356_jpg.rf.3f187a17b418c5e7bdd391f7ab379e18.jpg, 1
8145-31896-8208_jpg.rf.3f780b8197d3075e4345fb52067e9eed.jpg, 1
2655-15171-27999_jpg.rf.3fe0a70870e46cd52fc37cefcd162f60.jpg, 1
22290-23461-19462_jpg.rf.401cae900234323c0582ee356364b3ca.jpg, 1
27900-31672-17020_jpg.rf.40669d284a703ac499079efbd6fbcff3.jpg, 1
28280-21089-31590_jpg.rf.409499b489c3920540d458252a02b82e.jpg, 1
24282-19642-23404_jpg.rf.412120a26f5a5f7de5135d767e65b1ea.jpg, 1
3352-27510-16539_jpg.rf.413da0a15bfd2352df573c23e0d57bbd.jpg, 1
4363-22964-24467_jpg.rf.41b8d59d5f48da7b3e8e7fbc31704df4.jpg, 1
11033-4688-10738_jpg.rf.43304af3bec8da582a581fb21b3d88c1.jpg, 1
10096-14535-111_jpg.rf.435c946bd1b08d577dd49261aa240f15.jpg, 1
25880-14970-802_jpg.rf.4489fa3c7a6c0c2fc21dd746d13dc5ee.jpg, 1
10772-4382-10208_jpg.rf.449f49a9d06ebc4a03be193d2924a419.jpg, 1
20714-22427-15039_jpg.rf.45478fc707928e5ac1c2a7e55d09dcdf.jpg, 1
9809-17622-26011_jpg.rf.4557fd99acade8e31db34bf95157dd7a.jpg, 1
19992-7132-32633_jpg.rf.45ec63ba17a750132285a8d0e8d1f326.jpg, 1
2126-6963-3048_jpg.rf.46ad79674d42792f32833887e6709eb7.jpg, 1
490-9078-860_jpg.rf.47330f836acb5306cf1975318e125024.jpg, 1
27311-8750-19082_jpg.rf.47b4f9ecd0765dd98a13d85db5e65341.jpg, 1
28646-1102-864_jpg.rf.46ea6e29c3ae130024397d1f26430617.jpg, 1
12489-14595-19142_jpg.rf.4805b1d74f48051efb284ea360b36808.jpg, 1
4449-3238-20109_jpg.rf.48d3f93053cf1f2eae12077a36dfe374.jpg, 1
1272-27165-8723_jpg.rf.4911f7113c45d49683197fc0bed46ede.jpg, 1
1004-21892-10740_jpg.rf.49bdc99732f3c0d693598687d441f419.jpg, 1
14816-22144-6457_jpg.rf.499ff07b02c1dcccc9dfe87a8f3b2c74.jpg, 1
4377-30245-5978_jpg.rf.4a5c387b46ed90f10f4e40e1a703269b.jpg, 1
19663-19369-20060_jpg.rf.4a77fb56a3131b0094f421c2eb146a8f.jpg, 1
10686-3023-10778_jpg.rf.4b0ad5d48c3e7bbfb583714a09b52a7d.jpg, 1
12115-924-24087_jpg.rf.4b92e1e253e9d4d550953089083d1c1b.jpg, 1
24612-25803-12512_jpg.rf.4c6cfa737fb1e8bfc22f1feb2a9332f3.jpg, 1
15917-345-19661_jpg.rf.4b202041aeec3df1dc8e9ffae1248fa3.jpg, 1
22261-20924-28284_jpg.rf.4cf2bf3bd09ffa96b13c83f2b9fd5c66.jpg, 1
6084-15232-29811_jpg.rf.4cf07cd8e5277e78a4210391f3b59440.jpg, 1
24031-25453-4208_jpg.rf.4d0e46f80be824167c0692208c1d75d7.jpg, 1
10466-4946-16232_jpg.rf.4da3c04462ae82c951b6f3b7e5caa594.jpg, 1
10545-7961-17211_jpg.rf.4dd70b0cb07dca6a0c3b728933b723ea.jpg, 1
12781-8460-10999_jpg.rf.4df9a04cb2ad31c1bb0dc0652f4d1e52.jpg, 1
10991-7453-30931_jpg.rf.4ead618fbcff4be6431347bc49541baf.jpg, 1
18642-30069-30386_jpg.rf.4f5f26f2ad430d5d0690eb36132b29b7.jpg, 1
25164-3384-15113_jpg.rf.4ff9c881931c1935f6c95845bfd3bce5.jpg, 1
14269-11442-15576_jpg.rf.4fce14f12e56ff34a5b1cfc7eaa76a58.jpg, 1
16873-7175-4894_jpg.rf.5002d8231aa0288a7ff00117a3e003ec.jpg, 1
28895-17025-26792_jpg.rf.50add654a1a0aa26c3aafff96b7870a9.jpg, 1
11372-5344-19280_jpg.rf.5110c6083d6579c7c9ff122288ae8e81.jpg, 1
15953-13369-15674_jpg.rf.515d9ba21ba6d7c042c012bb931f3153.jpg, 1
618-18826-6515_jpg.rf.516cff077b3521ee70c62be05c77be46.jpg, 1
17004-4306-30061_jpg.rf.51c31c599bf0c4b994d69ef45a09cb9b.jpg, 1
21139-22244-12407_jpg.rf.52baa6708acf4f9b002f65fc79502051.jpg, 1
16822-8113-10796_jpg.rf.52fd2d9e9e2b279f4ae184de921341b2.jpg, 1
28202-16737-27400_jpg.rf.53fb7f5695e785fa290b9fb257e93f68.jpg, 1
20439-7826-18185_jpg.rf.54909ea082f23375cd3a81f811ef9772.jpg, 1
7540-7447-28133_jpg.rf.561926158e7b1fb08a19ccc1753fb202.jpg, 1
2948-14714-16898_jpg.rf.5554942795cae908dfeba3fc1c6130b5.jpg, 1
11221-22041-11174_jpg.rf.564b5a80f2356b54a76f6d47a9baba4d.jpg, 1
27679-25047-12790_jpg.rf.566a5bda57f68b50f5f4dc5b931de62a.jpg, 1
18138-12847-30248_jpg.rf.56a3b177b1fbe86a7e916378f61f96ff.jpg, 1
4061-32692-28813_jpg.rf.57690f51c2474908b33b171b98cf57c6.jpg, 1
1495-17865-9190_jpg.rf.58af815713259308df970f41a7dece1f.jpg, 1
8324-23406-19756_jpg.rf.58267ffe604c80a7de6db3c6852fc0d6.jpg, 1
26094-21065-10157_jpg.rf.59b91d685c2919704f0997544bef0693.jpg, 1
12890-14781-18034_jpg.rf.58ba9a19421efcd8d88532107554ff47.jpg, 1
19183-1157-15862_jpg.rf.5aa3cf7b9872a7d1b2e4389982d78cfe.jpg, 1
17827-27695-77_jpg.rf.5aba83a69b948b8e1f6e4e5e5a6b6f48.jpg, 1
1418-15238-31479_jpg.rf.5b258101de1e09467002cad48dcb3473.jpg, 1
2035-31525-30395_jpg.rf.5b472c1c628e1a277384bdc0cf283d7d.jpg, 1
28127-19827-5216_jpg.rf.5b7c41787103e7fce191a8619cbb8fc5.jpg, 1
11448-5957-5130_jpg.rf.5b95c43f5a5686452273654cfae8d998.jpg, 1
5746-11404-22858_jpg.rf.5bbda2e3aabe7cb6b2280c6edd4f6db0.jpg, 1
8500-26692-5916_jpg.rf.5da1e19933fe398ace8aee422c131f40.jpg, 1
15695-6008-11858_jpg.rf.5da5feef8d92d13114c513051ed831c9.jpg, 1
21392-15597-5238_jpg.rf.5dce922ba1bac0063a929fec718ea407.jpg, 1
9227-8815-30744_jpg.rf.5e9436498b1caf104b512c2dcf581596.jpg, 1
25244-2072-19902_jpg.rf.5f14f540f21a9d3f1764859f186922a4.jpg, 1
20874-27508-3703_jpg.rf.5f20d912bebe8d85e7ac4214999cdafc.jpg, 1
14681-14239-23211_jpg.rf.5fc62989f524273fa654ee4a05417f0a.jpg, 1
9093-26336-28441_jpg.rf.5fd6cd298d1c5b9e74c6cfa2bc975cb5.jpg, 1
23065-9859-26950_jpg.rf.618eb5495eadd0684938c8a9698c701f.jpg, 1
6776-14759-25800_jpg.rf.619767d16129db5d6ec0162f962e2bcb.jpg, 1
19919-3023-11639_jpg.rf.61b3fe1237f235a8f7f17347fa5c1f2e.jpg, 1
16763-10489-27633_jpg.rf.61bc2adfe0e454d0d75d1363e1957c92.jpg, 1
17880-25623-7489_jpg.rf.61d2b46b33f4d5fe621dc22167660994.jpg, 1
8883-1383-2531_jpg.rf.628dfdc770d87b5f34125fe620836586.jpg, 1
14749-5309-24255_jpg.rf.62f97966437504a684910e84dfea2f47.jpg, 1
27724-14063-8733_jpg.rf.63261cfc441ac3bd4397b2912b64e013.jpg, 1
2710-7322-32403_jpg.rf.64ffc24d751a343ec64607d70872b304.jpg, 1
19693-13645-2625_jpg.rf.65340ed87c11f0e641a553351bcb11c3.jpg, 1
9550-10678-15666_jpg.rf.6532e2123c7d75934b0b57311782c9dd.jpg, 1
14291-14966-16427_jpg.rf.653b6ba840842ac16fa77d775021e758.jpg, 1
569-26216-6997_jpg.rf.656f88c31576db73f8fd12f79b6f2ee2.jpg, 1
9227-24333-21859_jpg.rf.65b635d6c03ac1b6170b50948ae0de3a.jpg, 1
26823-25224-16293_jpg.rf.65fde15b1df9c32b16100b990f47cf22.jpg, 1
15360-4892-14717_jpg.rf.663512e82c3eda8f7df306f66806c2dd.jpg, 0
511-31690-24592_jpg.rf.669d658d331c3dfc828c86c24710a660.jpg, 1
26994-4708-2686_jpg.rf.678ef1f0a81996e718f1070052cce895.jpg, 1
1357-12274-26181_jpg.rf.67d9dd356c2785cb193bab38d889622f.jpg, 1
28836-21371-28808_jpg.rf.6811f40dc26343a411fee4be06ec4eab.jpg, 1
5854-30925-447_jpg.rf.681f7bb872e4359c8df18fbb1ff48b8e.jpg, 1
22691-11853-15168_jpg.rf.683ee175696e86e1a2bfd4637b841acb.jpg, 1
14925-18305-31328_jpg.rf.68b73747297a945bbf6687015ffebde6.jpg, 1
14953-14336-19206_jpg.rf.68e8f789cc79203d567a982fa0244584.jpg, 1
15211-26003-13601_jpg.rf.6987397d89a0f81fa88884a06c5a5eb4.jpg, 1
18613-1051-4424_jpg.rf.6af9be7fdf1c3ea4fa922b1d3e8b1029.jpg, 0
9794-858-10172_jpg.rf.6b9055ca8c8321cd37bab561d3fdaa54.jpg, 1
15213-1469-31382_jpg.rf.6ba3ad99069951c0d77ab22add9b7161.jpg, 1
22098-6247-14855_jpg.rf.6c0e7bc284f0a29a63c78d49b0b2bdd8.jpg, 1
17006-17547-8100_jpg.rf.6cd55bee9b74a13658387e841b2997c9.jpg, 1
3591-14842-9138_jpg.rf.6d0b2157e4ec6ea76b5f2281ff81bcb5.jpg, 1
9447-3903-24851_jpg.rf.6d3f8076a97d2fedb1cce008a0c18855.jpg, 1
21393-10280-12990_jpg.rf.6d5e8bc740df64a1f2003ab0ebe43e11.jpg, 1